<?xml version="1.0" encoding="UTF-8"?>
                  <manifest xmlns="http://www.imsproject.org/xsd/imscp_rootv1p1p2" xmlns:imsmd="http://www.imsglobal.org/xsd/imsmd_rootv1p2p1" xmlns:xsi="http://www.w3.org/2001/XMLSchema-instance" xmlns:adlcp="http://www.adlnet.org/xsd/adlcp_rootv1p2" identifier="MANIFEST-4D1321494E892B9EA3DE0FCFC30C4088" xsi:schemaLocation="http://www.imsproject.org/xsd/imscp_rootv1p1p2 imscp_rootv1p1p2.xsd http://www.imsglobal.org/xsd/imsmd_rootv1p2p1 imsmd_rootv1p2p1.xsd http://www.adlnet.org/xsd/adlcp_rootv1p2 adlcp_rootv1p2.xsd">
                  <metadata>
                        <schema>ADL SCORM</schema>
                        <schemaversion>1.2</schemaversion>
                  </metadata>
                        <organizations default="ORG-6665296a4332594ebb2656dc88f892fa">
                              <organization identifier="ORG-6665296a4332594ebb2656dc88f892fa" structure="hierarchical">
                                    <title>Glosario</title>
                                    <item identifier="ITEM-85f1d937567c86d20e82870a6620da31" isvisible="true" identifierref="RES-c93e2bbeee665ab913c55548dc9d887e">
                                    <title>Glosario</title>
                              </item>
                              </organization>
                        </organizations>
                        <resources>
                              <resource identifier="RES-c93e2bbeee665ab913c55548dc9d887e" type="webcontent" href="glosario.html" adlcp:scormtype="sco">
                                          <file href="glosario.html" />
                                    </resource>                       
                        </resources>
                  </manifest>