<?xml version="1.0" encoding="UTF-8"?>
                  <manifest xmlns="http://www.imsproject.org/xsd/imscp_rootv1p1p2" xmlns:imsmd="http://www.imsglobal.org/xsd/imsmd_rootv1p2p1" xmlns:xsi="http://www.w3.org/2001/XMLSchema-instance" xmlns:adlcp="http://www.adlnet.org/xsd/adlcp_rootv1p2" identifier="MANIFEST-4D1321494E892B9EA3DE0FCFC30C4088" xsi:schemaLocation="http://www.imsproject.org/xsd/imscp_rootv1p1p2 imscp_rootv1p1p2.xsd http://www.imsglobal.org/xsd/imsmd_rootv1p2p1 imsmd_rootv1p2p1.xsd http://www.adlnet.org/xsd/adlcp_rootv1p2 adlcp_rootv1p2.xsd">
                  <metadata>
                        <schema>ADL SCORM</schema>
                        <schemaversion>1.2</schemaversion>
                  </metadata>
                        <organizations default="ORG-1443fe4ae957d2e8178d6eda61c76c5b">
                              <organization identifier="ORG-1443fe4ae957d2e8178d6eda61c76c5b" structure="hierarchical">
                                    <title>Bibliografía</title>
                                    <item identifier="ITEM-fe1096cd135688a1d586d820ca3f8d62" isvisible="true" identifierref="RES-399cbd0b34631a29aafab765328e3e7d">
                                    <title>Bibliografía</title>
                              </item>
                              </organization>
                        </organizations>
                        <resources>
                              <resource identifier="RES-399cbd0b34631a29aafab765328e3e7d" type="webcontent" href="bibliografia.html" adlcp:scormtype="sco">
                                          <file href="bibliografia.html" />
                                    </resource>                       
                        </resources>
                  </manifest>