<?xml version="1.0" encoding="UTF-8"?>
                  <manifest xmlns="http://www.imsproject.org/xsd/imscp_rootv1p1p2" xmlns:imsmd="http://www.imsglobal.org/xsd/imsmd_rootv1p2p1" xmlns:xsi="http://www.w3.org/2001/XMLSchema-instance" xmlns:adlcp="http://www.adlnet.org/xsd/adlcp_rootv1p2" identifier="MANIFEST-4D1321494E892B9EA3DE0FCFC30C4088" xsi:schemaLocation="http://www.imsproject.org/xsd/imscp_rootv1p1p2 imscp_rootv1p1p2.xsd http://www.imsglobal.org/xsd/imsmd_rootv1p2p1 imsmd_rootv1p2p1.xsd http://www.adlnet.org/xsd/adlcp_rootv1p2 adlcp_rootv1p2.xsd">
                  <metadata>
                        <schema>ADL SCORM</schema>
                        <schemaversion>1.2</schemaversion>
                  </metadata>
                        <organizations default="ORG-75b32bb139905b568e99759ea98c8cb4">
                              <organization identifier="ORG-75b32bb139905b568e99759ea98c8cb4" structure="hierarchical">
                                    <title>Bibliografía</title>
                                    <item identifier="ITEM-a2c05a96943cc904ca2345edfc88d6c9" isvisible="true" identifierref="RES-92ec286f627b98a7a78bc6a299b97df8">
                                    <title>Bibliografía</title>
                              </item>
                              </organization>
                        </organizations>
                        <resources>
                              <resource identifier="RES-92ec286f627b98a7a78bc6a299b97df8" type="webcontent" href="bibliografia.html" adlcp:scormtype="sco">
                                          <file href="bibliografia.html" />
                                    </resource>                       
                        </resources>
                  </manifest>