<?xml version="1.0" encoding="UTF-8"?>
                  <manifest xmlns="http://www.imsproject.org/xsd/imscp_rootv1p1p2" xmlns:imsmd="http://www.imsglobal.org/xsd/imsmd_rootv1p2p1" xmlns:xsi="http://www.w3.org/2001/XMLSchema-instance" xmlns:adlcp="http://www.adlnet.org/xsd/adlcp_rootv1p2" identifier="MANIFEST-4D1321494E892B9EA3DE0FCFC30C4088" xsi:schemaLocation="http://www.imsproject.org/xsd/imscp_rootv1p1p2 imscp_rootv1p1p2.xsd http://www.imsglobal.org/xsd/imsmd_rootv1p2p1 imsmd_rootv1p2p1.xsd http://www.adlnet.org/xsd/adlcp_rootv1p2 adlcp_rootv1p2.xsd">
                  <metadata>
                        <schema>ADL SCORM</schema>
                        <schemaversion>1.2</schemaversion>
                  </metadata>
                        <organizations default="ORG-a6b7d6c5b332ab7658e2740493d263b4">
                              <organization identifier="ORG-a6b7d6c5b332ab7658e2740493d263b4" structure="hierarchical">
                                    <title>Unidad 1</title>
                                    <item identifier="ITEM-251c1fa8a1e95434a64dce0d4826443e" isvisible="true" identifierref="RES-33802f90b38a4e88dcbe4f464fb49d8c">
                                    <title>Apartado 1</title>
                              </item><item identifier="ITEM-386a047ec873f56f496dc77245291ab3" isvisible="true" identifierref="RES-ea3d3873420b254eb882667fbb5367de">
                                    <title>Apartado 2</title>
                              </item>
                              </organization>
                        </organizations>
                        <resources>
                              <resource identifier="RES-33802f90b38a4e88dcbe4f464fb49d8c" type="webcontent" href="ap01010101.html" adlcp:scormtype="sco">
                                          <file href="ap01010101.html" />
                                    </resource><resource identifier="RES-ea3d3873420b254eb882667fbb5367de" type="webcontent" href="ap01010201.html" adlcp:scormtype="sco">
                                          <file href="ap01010201.html" />
                                    </resource>                       
                        </resources>
                  </manifest>