<?xml version="1.0" encoding="UTF-8"?>
                  <manifest xmlns="http://www.imsproject.org/xsd/imscp_rootv1p1p2" xmlns:imsmd="http://www.imsglobal.org/xsd/imsmd_rootv1p2p1" xmlns:xsi="http://www.w3.org/2001/XMLSchema-instance" xmlns:adlcp="http://www.adlnet.org/xsd/adlcp_rootv1p2" identifier="MANIFEST-4D1321494E892B9EA3DE0FCFC30C4088" xsi:schemaLocation="http://www.imsproject.org/xsd/imscp_rootv1p1p2 imscp_rootv1p1p2.xsd http://www.imsglobal.org/xsd/imsmd_rootv1p2p1 imsmd_rootv1p2p1.xsd http://www.adlnet.org/xsd/adlcp_rootv1p2 adlcp_rootv1p2.xsd">
                  <metadata>
                        <schema>ADL SCORM</schema>
                        <schemaversion>1.2</schemaversion>
                  </metadata>
                        <organizations default="ORG-a1516bcf5bed29b2955983254142ffee">
                              <organization identifier="ORG-a1516bcf5bed29b2955983254142ffee" structure="hierarchical">
                                    <title>Unidad 1</title>
                                    <item identifier="ITEM-4db5dd8203ada5e29a3a9727c865181d" isvisible="true" identifierref="RES-bd2eb9027b127296388bfed54975c8e3">
                                    <title>Apartado 1</title>
                              </item>
                              </organization>
                        </organizations>
                        <resources>
                              <resource identifier="RES-bd2eb9027b127296388bfed54975c8e3" type="webcontent" href="ap01010101.html" adlcp:scormtype="sco">
                                          <file href="ap01010101.html" />
                                    </resource>                       
                        </resources>
                  </manifest>